{
  "fid-piece-mapping": {
    "4": "K",
    "5": "Q",
    "6": "N",
    "7": "B",
    "8": "P",
    "9": "R"
  },
  "fid-correction-coefficients": {
    "0": 0.8755622417730375
  },
  "camera": {
    "width": 1920,
    "height": 1080,
    "calibration": {
      "k": [[1315.830603946025, 0.0, 1057.403093860182], [0.0, 1314.8940840752985, 498.42859276705224], [0.0, 0.0, 1.0]],
      "d": [[-0.06355063936476411], [-1.1907971180043293], [8.213508058646918], [-15.42347324136883]]
    }
  },
  "gantry": {
    "size": {
      "x": 4475,
      "y": 3640
    },
    "pins": {
      "x": {
        "stp": 22,
        "dir": 27
      },
      "y": {
        "stp": [17, 14],
        "dir": [23, 15]
      },
      "z": {
        "sig": 18
      },
      "grip": {
        "sig": 2
      },
      "stops": {
        "x": 3,
        "y0": 4,
        "y1": 24
      }
    }
  },
  "known-square-positions": {
    "a1": [945, 3538],
    "h1": [3618, 3548],
    "a8": [945, 879],
    "h8": [3594, 879]
  },
  "key-positions": [
    {
      "gantry-position": [2274, 388],
      "visible-squares": []
    },
    {
      "gantry-position": [2274, 1888],
      "visible-squares": []
    }
  ]
}