{
  "fid-piece-mapping": {
    "4": "K",
    "5": "Q",
    "6": "N",
    "7": "B",
    "8": "P",
    "9": "R"
  },
  "fid-correction-coefficients": {
    "9": [100, 100],
    "7": [125, 80],
    "6": [125, 70],
    "8": [100, 100],
    "5": [150, 70]
  },
  "camera": {
    "width": 1920,
    "height": 1080,
    "calibration": {
      "k": [[1412.9765007543733, 0.0, 913.9546209616773], [0.0, 1407.9717459555113, 559.6984799982501], [0.0, 0.0, 1.0]],
      "d": [[0.012501045554940008], [-0.5701431704095695], [1.4477917928246027], [-1.4583973534580557]]
    }
  },
  "gantry": {
    "size": {
      "x": 4475,
      "y": 3640
    },
    "pins": {
      "x": {
        "stp": 22,
        "dir": 27
      },
      "y": {
        "stp": [17, 14],
        "dir": [23, 15]
      },
      "z": {
        "sig": 18
      },
      "grip": {
        "sig": 2
      },
      "stops": {
        "x": 3,
        "y0": 4,
        "y1": 24
      }
    }
  },
  "known-square-positions": {
    "a1": [770, 3850],
    "h1": [3750, 3850],
    "a8": [770, 990],
    "h8": [3750, 990]
  },
  "key-positions": [
    {
      "gantry-position": [2274, 388],
      "visible-squares": []
    },
    {
      "gantry-position": [2274, 1888],
      "visible-squares": []
    }
  ]
}